Brands,location
Priyaasi,Germany
AMMARZO,Denmark
John Players,Denmark
Nejo,India
RAREISM,Denmark
Mojama,Germany
Juniper,India
GROVERSONS Paris Beauty,Japan
EROTISSCH,India
DECOREALM,China
WROGN,India
BStories,Italy
Rick Masch,Canada
OFFICE & YOU,France
ADEESHA,Spain
I Know,USA
Moedbuille,Italy
STATUS MANTRA,China
3PIN,France
Vbuyz,India
Kawach,China
Ives,India
SWADHA FASHIONS,Italy
Ever Loved,Italy
Smugglerz,Denmark
Ayaki,Italy
Kira,Spain
FABNEST,India
Peony Cotton Fab,China
MASH UNLIMITED,Japan
CHROME & CORAL,Canada
JAIPURI BUNAAI,Japan
KISAH PLUS,France
Obaan,France
Women Touch,Denmark
Tailor & Circus,Italy
OOMPH,Japan
ETIQUETTE,Canada
Inddus,India
ERISHA,Denmark
LUX Cozi for her,Italy
MERCHANT MARINE,Canada
CHARMGAL,Denmark
FOGA,Denmark
CHIMPAAANZEE,Japan
Nehamta,Denmark
Vvoguish,Germany
Masha,India
Tasarika,France
AUSTIVO,Japan
SECRETT CURVES,France
Jompers,India
Suta,Denmark
CHOZI,Denmark
ROVARS,Denmark
109F,Italy
Fashion Cult,France
Zaveri Pearls,Germany
BLITZSOX,USA
CKM,France
Deewa,India
Bishop Cotton,France
Fort Collins,China
BharatSthali,Canada
DKNY,Japan
5TH ANFOLD,Denmark
BRATMA,Denmark
TARA-C-TARA,Italy
Catnap,Spain
NAINA ARUNIMA,Japan
NAMASKAR,Japan
Remanika,Denmark
gvs shoppe,France
azania,Denmark
CLAI WORLD,USA
pinwheel,France
Fox,Denmark
ZRI,USA
RVK,USA
Anekaant,USA
TNG,USA
RARE RABBIT,Denmark
Qurvii,India
Rapra The Label,USA
FabAlley Curve,Japan
KENDALL & KYLIE,Canada
Orbbaan,USA
FIDO DIDO,India
Urban Ranger by pantaloons,Germany
EVOQ,Italy
VEIRDO,India
OXXO,Spain
radka,Canada
sandy AND ritz,France
Manish Creations,Canada
Masculino Latino Plus,Denmark
SINGNI,Italy
Melangebox,Japan
GRACIT,India
Chhabra 555,Germany
DELAN,Japan
Leading Lady,India
U.S. Polo Assn.,India
Berrylush,India
Sangria,India
Denap,Germany
Karigari,India
BEVERLY BLUES,Germany
MYLO ESSENTIALS,Italy
DIVA WALK EXCLUSIVE,Japan
Molcha,Germany
Ayesha,Germany
CODE by Lifestyle,India
elleven,Canada
Fashionuma,Canada
SOLOGNAC By Decathlon,India
GRIIHAM,Italy
POKER ACTIVE,Spain
Sztori Garfield,France
Black coffee,India
mirari,France
Crozo By Cantabil,China
Khushal K,India
soan,Italy
SHOWOFF,Canada
Zeal,China
Arctic Fox,Japan
Trufit,Canada
evolove,Canada
FASHION DEPTH,India
CHARISMOMIC,Denmark
House of Mool,Germany
Inner Sense,India
Tulsattva,India
Wintage,Japan
LUCERO,France
Vento,China
Parcel Yard,Germany
THE AAB STUDIO,Italy
Proyog,France
PUNK,USA
SethDenmarkrishna,Denmark
ETC,India
Harvard,India
tantkatha,France
Ginni Arora Label,France
rock.it,Spain
La Intimo,Denmark
TRENDY DIVVA,India
every de by amante,China
PORTBLAIR,India
Sitaram Designer,China
Miramor,Japan
U.S. Polo Assn. Tailored,Japan
LAHEJA,France
Jolie robe,Spain
John Pride,India
Calvin Klein Innerwear,Japan
Mufti,China
JADE BLUE,Italy
Ultimo,Japan
LILL,Spain
AHIKA,India
Pothys,Spain
Sloggi,France
La Bele,Denmark
Fabindia,Germany
KINGDOM OF WHITE,Denmark
Sztori Marvel,USA
LAGAAV,Japan
VOXATI,Canada
Force NXT,Canada
FiTZ,Germany
Geroo Jaipur,USA
Tokyo Talkies,India
saubhagya,France
Da Intimo,India
AccessHer,Denmark
Taanz,Denmark
Istyle Can,USA
The Tie Hub,Spain
Yuvraah,France
Aanyor,Denmark
Rangriti,Denmark
Ethnic Junction,Denmark
Go Colors,India
VARA SILK,Canada
VASTRADO,France
Basics,Italy
UNSULLY,Italy
Florence,India
Deal Jeans,Japan
WISHFUL,Italy
NDS Niharikaa Designer Studio,Denmark
MONOCHROME,Japan
arangya,Germany
RUG WOODS,Canada
Plagg,Germany
Libas,India
LAYA,Japan
MOKSHA DESIGNS,France
COTCLO,Japan
DIVYANK,India
FCDenmark,France
Atsevam,China
Indian Virasat,India
Red Tape,India
NoBarr,Japan
EXTRA LOVE BY LIBAS,India
Octave,Spain
Beverly Hills Polo Club,Canada
Rustorange,India
Charak,Canada
JEWELS GEHNA,Germany
ONLY,India
XO LOVE,China
Ode by House of Pataudi,Japan
SUBEA By Decathlon,Italy
ONN,India
Spiritus by pantaloons,Canada
Luni,Germany
Doodlage,Canada
Juventus,Japan
KOOCHI POOCHI,Denmark
FUGAZEE,Denmark
HOUSE OF KARI,Italy
Quinoa,China
Four One Oh,Italy
FERANOID,Japan
Tossido,Spain
Ikk Kudi by Seerat,Japan
DEALSEVEN FASHION,Italy
InWeave,India
DC Comics,Canada
Emmyrobe,China
Aeropostale,China
R26,Italy
DeFacto,China
THE SILHOUETTE STORE,Denmark
toothless,USA
LAASA  SPORTS,Japan
Bodycare,India
Urban Dog,India
MANGO,India
Jockey,India
Reistor,USA
THE CLOTHING FACTORY,China
Columbia,Japan
Zink London,Japan
High Star,India
HERE&NOW,India
EZIS FASHION,Denmark
IRIDAA JAIPUR,Japan
ANTS,China
SCOUP,Japan
HapDenmarka,France
VERO MODA CURVE,Italy
Nation Polo Club,India
Macroman M-Series,Japan
PLATINUM Studio,France
aarke Ritu Kumar,Germany
Kryptic,India
ESPRIT,Japan
emeros,Canada
Maybell,Canada
FEMEA,India
Sringam,India
Success,Canada
Style SHOES,Germany
GLAMAZE,Denmark
fashiol,France
PNEHA,Japan
SARIYA,Italy
Ekmatra,Italy
MADAME M SECRET,France
VS,France
Sayesha,Germany
SIRIL,USA
Code 61,India
Kappa,India
LOOM LEGACY,Spain
VARUDU,Denmark
Allen Solly,India
SELA,Japan
M&H Our Water,India
HRITIKA,France
Soxytoes,Denmark
PReT me,France
Campus Sutra,India
Dream of Glory Inc,Japan
BOWER,Japan
MADSTO,China
New Balance,Japan
Wear Equal,Spain
antaran,France
RAMRAJ COTTON,Canada
berrytree,Canada
Westwood,Canada
OM SAI LATEST CREATION,India
CINOCCI,USA
Vami,Japan
Cot'N Soft,Denmark
Pannkh,India
Kalista,India
Aesthetic Bodies,Italy
Tikhi Imli,India
Wear Your Mind,Japan
Breakbounce,India
M&H Easy,India
ANIKAS CREATION,Canada
Ted Smith,Denmark
Sam and Jack,Spain
Iris,Germany
UNDER ARMOUR,Canada
MANOHARI,USA
Threeness,Japan
Indietoga,India
Wolfpack,Italy
LAMOURE BY RED CHIEF,USA
ALC Creations,Japan
Amydus,India
Kook N Keech Superman,India
Tuna London,Japan
ANTI CULTURE,Denmark
Nayo,India
Linen Club Woman,Japan
DEYANN,India
Ardozaa,USA
FAVOROSKI,Italy
Guniaa,France
Woodland,USA
ETHNIC STREET,China
anayna,India
Denimize by Fame Forever,China
Kurtipedia,Germany
C9,USA
Twenty3,USA
ARDEUR,China
AMOSIO,Germany
CHILL WINSTON,Italy
GALYPSO,Japan
Rajesh Silk Mills,India
883 Police,China
COLVYNHARRIS JEANS,China
BEN SHERMAN,Germany
ZHEIA,Japan
Alcis,Canada
Exclusiva,Japan
Kifahari,China
SHINOY,Japan
Anaita,Germany
BLACK RADIO,Canada
Mizash,Italy
The Chennai Silks,China
MELON,Italy
Moda Rapido,India
angloindu,Germany
VIMAL JONNEY,India
WHITE HEART,Germany
Voi Jeans,USA
Her Grace,Spain
lal10,Italy
SWAGG INDIA,India
Park Avenue,Italy
TAHVO,Germany
Orchid Blues,India
Reebok,India
IQRAAR,Denmark
Latest Chikan Garments,USA
Thread & Button,Japan
JUNK de LUXE,Italy
SAPTRANGI,Italy
AASI - HOUSE OF NAYO,India
Admiral,Italy
Yashika,USA
DIVINATION,Spain
MR.KAMEEJ,China
RUF & TUF,China
French Connection,Spain
Sand Dune,India
Maishi,Italy
Chumbak,China
ROOTED,Denmark
NA-KD,Canada
The Mom Store,India
BUCIK,China
LAMAAYA,USA
V TRADITION,Denmark
Clt.s,France
IkDaiya,Spain
FOREVER 21,France
FLX By Decathlon,Denmark
Studio Shringaar,India
Genx,USA
Ashlee,Japan
Faserz,Germany
WITH,France
Sanwara,Denmark
Kesarya,Spain
Nabaiji By Decathlon,Japan
BRACLO,Canada
DressBerry,India
KETAKI FASHION,China
Kolor Fusion,Italy
William White,Spain
Solly Sport,Japan
DON VINO,USA
YOLOCLAN,Denmark
KALINI,India
The Dry State,India
KIMAYRA,Spain
MALHAAR,Italy
Ruggers,Japan
XOXO Design,Canada
Cross Court,India
SATVA,Japan
maaisarah,USA
Van Heusen,India
Theme,Denmark
Lee,India
Crocodile,Spain
Arrow Blue Jean Co.,Japan
FashionRack,India
SOUNDARYA,France
ADITRI,Canada
MBE,India
Fabriko,Canada
Arrabi,Spain
Centra,Denmark
ANI,Canada
Chromozome,Spain
British Club,France
ULTRAMATE,USA
POKORY,Germany
KLAS NOBL,Denmark
Miss Bennett,France
ATTIC SALT,China
SF JEANS by Pantaloons,China
berry blues,Japan
armure,Italy
MODLI 20 FASHION,Italy
GOLDSTROMS,Japan
American-Elm,France
Btwin By Decathlon,Spain
Plutus,Denmark
Glorious,Spain
Louis Philippe,India
AgrohA,Germany
Difference of Opinion,India
ATTIITUDE,Japan
Bushirt,India
Softrose,India
Dollar Bigboss,India
Moda Chales,Denmark
mezmoda,Germany
Antony Morato,Japan
250 DESIGNS,China
Hunkemoller,Denmark
Lounge Dreams,USA
Justice League,India
VANCA ECO,Italy
Triumph,India
Clovia,India
Chipbeys,Japan
Tusok,Spain
Restless,Canada
AKIMIA,USA
Dynamocks,India
NAVYSPORT,India
Cottinfab,India
MIRAVAN,USA
Nite Flite,India
Fashion FRICKS,France
TARAMA,Germany
hangup plus,Spain
SI2 SLIP IN 2,Japan
Tiktauli De Corps.,Italy
Saffron Threads,Denmark
Aj DEZInES,France
Macrowoman W-Series,Japan
STALK,France
Abiti Bella,Denmark
Chemistry,India
TULIP 21,Germany
Van Heusen Sport,USA
Biba,India
Species,France
CAMLA,Japan
Nifty,India
echt,Denmark
ZALORA WORK,China
DUDITI,France
MERLOT,Spain
KLM Fashion Mall,Germany
Rosaline by Zivame,India
GUNVANTI FAB,Japan
Youthnic,France
HPS Sports,Japan
Justanned,Spain
mackly,Germany
Banarasi Style,Denmark
Laabha,India
Nanda Silk Mills,India
Malachi,Canada
Bronz,Denmark
IVOC,India
Crimsoune Club,France
Sparx,Japan
Zeel,Canada
Beau Design,Japan
MEWAR,France
ATHLISIS,Canada
Freehand,Spain
LA LOFT,Denmark
Earthen BY INDYA,USA
Killer,Denmark
Aayna,India
Okane,France
Flying Machine,India
Fab Star,USA
Kook N Keech Toons,Japan
Senyora,Denmark
ISU,China
Just Wow,India
Koton,Denmark
Lilots,USA
Toshee,Japan
OFF LIMITS,India
WAIMEA,Japan
Peter England Casuals,France
Invictus Indoor,China
DORIYA,France
La Vastraa,Denmark
N-Gal,Japan
I AM FOR YOU,France
MAMMA PRESTO,Japan
BULLMER,India
KOPNHAGN,India
TREEMODA,Italy
DKGF FASHION,China
MUSCLE TORQUE,Japan
Kraus Jeans,India
SPIRIT ANIMAL,Denmark
Slub,Italy
Glemora,USA
GLAM ROOTS,Denmark
Havida Sarees,China
Donzell,France
Friskers,India
Dennis Lingo,India
ALTOMODA by Pantaloons,Spain
Forever New,Denmark
Indian Poshakh,Denmark
LABEL REGALIA,Denmark
Allen Solly Woman,Germany
BEAVER,Spain
CL SPORT,Denmark
Madame,Italy
Emprall,Japan
Tom & Jerry By Sztori,USA
Rosaline,Spain
Solly Jeans Co.,Denmark
ROCKRIDER By Decathlon,Italy
V-Mart,Denmark
Reebok Classic,Japan
MERCHE,Denmark
YAMAMAY,Denmark
Emerals,Japan
Bene Kleed Plus,Italy
SIRIKIT,India
The Kaftan Company,Germany
Bellofox,Japan
fabGLOBAL,Denmark
Lakshita,USA
ELABORADO,China
SANISA,Spain
Big Fox,Spain
SASSAFRAS,India
Balenzia,India
Popwings,USA
Mafadeny,Canada
Seerat,Spain
NAKKASHI,Germany
PICOT,Japan
Zeyo,India
StyleStone,India
VAIVIDHYAM,USA
RANGMAYEE,Italy
Wacoal,Denmark
H&M,India
AUDSTRO,USA
Llak Jeans,Canada
BlissClub,Germany
shyaway,Denmark
Trend Arrest,India
am ma,Denmark
Lawman pg3,Denmark
MODARTA,USA
Marc Loire,Japan
SANGAM PRINTS,Italy
GRIFFEL,Japan
Mulmul By Arabella,Italy
Nahara,China
Trendyol,France
Kalenji By Decathlon,India
FEMMIBELLA,Denmark
XL LOVE by Janasya,Denmark
Moms Maternity,Denmark
Enciger,Italy
MARC LOUIS,Denmark
Kook N Keech Harry Potter,Denmark
La Zoire,India
Pepe Jeans,India
Powerpuff Girls by Kook N Keech,India
American Archer,Spain
Waahiba,Italy
Lino Perros,Canada
AVOLT,Japan
DRAPE IN VOGUE,India
PARKHA,China
WELBAWT,Canada
Hubberholme,India
EPPE,Canada
Kalyani,Spain
LacyLook,Canada
Balista,Spain
VENISA,Japan
LEWAWAA,Japan
QUBIC,Germany
TRUNDZ,Italy
Style Quotient,India
BROADSTAR,India
Ligalz,France
Sisley,Italy
FabAlley,India
I Saw It First,Spain
Forca by Lifestyle,Japan
FLAWLESS,Japan
JDC,Canada
Darzi,Japan
Fleximaa,Japan
STREET 9,India
Safaa,France
Shuddhi,Canada
NEVA,India
Rangpur,Japan
THE WEAVE TRAVELLER,Denmark
La Aimee,Italy
Rodamo,India
Span,Japan
Sztori Superman,France
AV2,USA
BOMBAY SELECTIONS,Italy
AKISO,Italy
Kook N Keech Marvel,India
Saadgi,USA
Raas,Japan
one8 by Virat Kohli,India
WILD WEST Plus,Germany
Peter England,India
SHAYE,India
PRIDE APPAREL,Japan
OTORVA,Spain
VELOZ,Japan
OKHAI,Germany
MONJOLIKA FASHION,Denmark
Feather Soft Elite,Denmark
PINKSKY,Canada
RAJUBHAI HARGOVINDAS,China
Saksh,Japan
Nakshi,Japan
Samshek,Japan
Blue Saint,China
pink woman,Denmark
VASTRAMAY,India
Secret Wish,India
JJAAGG T,Japan
all about you,India
Modeve,Italy
A.T.U.N.,France
Bruun & Stengade,Spain
Rang Gali,Germany
PURYS,India
Disrupt,France
Quttos,India
YASH GALLERY,India
WoowZerz,India
Speedo,Japan
De Moza,India
MOHANLAL SONS,Italy
Urbano Plus,Japan
OVS,Japan
beevee,Denmark
FOSH,Denmark
Modern Indian by CHEMISTRY,Denmark
KSUT,India
True Blue,Japan
Braveo,Germany
Skirans,Denmark
Hatheli,China
JAINISH,India
Llajja,China
Kalakari India,Germany
DEEBACO,India
I like me,India
JC Collection,Denmark
UNMADE,Japan
OMASK,Denmark
I Jewels,France
AVI Living,China
DENNISON,India
ADORENITE,Canada
flaher,Japan
FRIENDS by DressBerry,Germany
Touch Trends,Spain
Chidiyaa,USA
SheWill,India
Cloak & Decker by Monte Carlo,Japan
Stylee LIFESTYLE,Spain
Dais,Denmark
Vastraa Fusion,India
ADBUCKS,Spain
Red Chief,USA
Souminie,Japan
Kvsfab,India
Rudra Bazaar,Italy
PockMAN,USA
The Pink Moon,Canada
Routeen,Germany
MBeautiful,France
Jean Cafe,USA
SKY SHOPPIE,Japan
Russell Athletic,Germany
N Dot,Spain
hexafun,Germany
PrettyPlus by Desinoor.com,Italy
AESTHETIC NATION,Germany
Alena,Germany
American Crew Plus,Japan
MIDNIGHT ANGELS BY PC,Japan
Sibi,Denmark
Jack & Jones,India
Kiyashi,Germany
American Swan,Japan
Foreign Culture By Fort Collins,India
I Am Animal,China
Oxolloxo,India
JAIPUR ATTIRE,India
LELA,USA
Marcia,China
Status Quo,France
Louis Philippe Ath.Work,Germany
Noi,Canada
Zelocity by Zivame,India
Horsefly,Germany
Svanik,Canada
Zanani INDIA,France
Lombard,China
Cultsport,India
Sweet Dreams,Spain
MIMOSA,India
Sugr,Germany
Trident,India
ELEVANTO,India
DURVI,Germany
Antheaa,India
Adobe,China
Kipsta By Decathlon,India
NEUDIS,France
HOB,Germany
Burnt Umber,Canada
Peter England Elite,China
Masch Sports,Denmark
SHFFL,Spain
aaliya,Denmark
Young Trendz,China
Athena,India
Satrani,India
THE MILLION CLUB,Germany
Diwaah,USA
Lux Cozi,Japan
STYL CO.,France
Indian Dobby,Denmark
Meeranshi,India
VAIRAGEE,Denmark
MANAMAGAN,Canada
Sera,India
Yaadleen,China
Sidwa,Denmark
V Dot,Denmark
JUMP USA,India
Badoliya & Sons,Spain
FOUGANZA By Decathlon,Germany
Creature,Denmark
Pavechas,India
studio rasa,India
Bonjour,India
Jinfo,Japan
Levis,India
Lovista,Japan
Rizzly,Spain
Mesmore,Italy
Luxrio,Japan
Do Dhaage,Japan
The Label Life,Denmark
PRINCINN MEYER,China
Bitz,India
Unnati Silks,Italy
KROSSSTITCH,India
Inesis By Decathlon,India
FCK-3,France
AMIRAS INDIAN ETHNIC WEAR,Spain
ASICS Tiger,Denmark
FUAARK,Denmark
Benstoke,India
V2 Value & Variety,China
PERFECTBLUE,Japan
Kosha,Denmark
TWIN BIRDS,India
DIVASTRI,Japan
CASA DE NEE NEE,Canada
Roly Poly,Germany
Akshatani,Italy
JB STUDIO,China
Lagashi,USA
Ed Hardy,Canada
TARMAK By Decathlon,Denmark
RIVI,Canada
Allen Cooper,France
navyasa,France
Pro-Ethic STYLE DEVELOPER,Denmark
hangup trend,India
INDYA,India
Kastner,France
THANGAMAGAN,China
TERQUOIS,Germany
BYFORD by Pantaloons,India
Tribord By Decathlon,Japan
Nature Casuals,Germany
Ajile by Pantaloons,China
JAAIVE,Denmark
Black Panther,China
CHRISTEENA,Denmark
Fentacia,Germany
Bharatasya,Germany
pivot,Japan
YAVI,Germany
BDenmarkKUM,India
PARAMOUNT CHIKAN,Germany
FREAKINS,Spain
Penny,China
STROP,Canada
Rajnie,France
Amirah s,China
CLOSETHOOK,China
Laa Calcutta,Japan
Aujjessa,India
CURWISH,China
Srey trends,China
SHOPGARB,Denmark
Charitra,Denmark
Zotw,France
araaliya,USA
AMERICAN EAGLE OUTFITTERS,Denmark
APCO,China
Ethnicity,Japan
Instafab Plus,Germany
Charu,Spain
Mom For Sure by Ketki Dalal,France
Teakwood Leathers,Denmark
Slenor,India
UNISETS,Japan
aLL,Denmark
One of a Kind,Japan
Honey by Pantaloons,Spain
VEI SASTRE,Canada
Mode Vetements,France
IMARA,India
PIVOTO,China
LastInch,Italy
J Style,Denmark
Chemistry Edition,India
Santonio,Japan
SAABHI,USA
SHECZZAR,China
V&M,India
Anahi,France
BODYACTIVE,Italy
Zarlin,Canada
ORUS,USA
Miss Poem,France
NYAMBA By Decathlon,India
Ancestry,Italy
Bell Paper,Italy
Ekta Textiles,Denmark
DART STUDIO,Japan
DIXCY SCOTT Slimz,China
513,Denmark
Campus,Denmark
wild U,Germany
SMUGGLERZ INC.,France
CRAFIQA,Canada
Innocence,India
MIKHAD,China
Taurus,Italy
BEAT LONDON by PEPE JEANS,Japan
VRSALES,Germany
bellamia,Japan
EVADICT By Decathlon,Denmark
SINGLE,Italy
WESTCLO,Spain
One Femme,Germany
akheri,Denmark
Next One,Spain
ACTOHOLIC,China
Indiankala4u,France
CROYDON,China
TRIBAN By Decathlon,Japan
Arhi,Japan
HOUSE OF JAMOTI,USA
Snitch,USA
Saanjh,USA
Minora,China
FITUP LIFE,Italy
Hypernation,India
RICHARD PARKER by Pantaloons,USA
Marie Claire,India
BRACHY,Denmark
Putchi,Japan
Femella,USA
Van Heusen Flex,Germany
Mayra,India
Belliskey,France
Domyos By Decathlon,India
YOU FOREVER,Japan
Enchanted Drapes,France
Swishchick,Japan
DRAAX Fashions,France
heemara,Germany
Matinique,Canada
zink Z,China
Smarty Pants,India
Imfashini,India
Colt,Italy
AMDenmarkTI,Denmark
Kook N Keech,India
DAEVISH,Denmark
Mizzific,Denmark
Mint & Oak,Japan
PACHE,Italy
CENWELL,Canada
People,USA
Mitera,India
20Dresses,India
QOMN,India
Cherokee,France
London Rag,Japan
Alvaro Castagnino,China
J Hampstead,Germany
UNTUNG,France
Bwitch,Canada
VeBNoR,Italy
Louis Philippe ATHPLAY,Germany
Napra,India
Monte Carlo,Germany
SG LEMAN,Denmark
Dollar Socks,Canada
Calvin Klein Jeans,France
J Turritopsis,Spain
CHICQUITA,Denmark
PHEETA,Japan
Sztori,India
promod,France
Splash,Japan
POPPI,Denmark
Looney Tunes by Dressberry,China
Lavanya,Denmark
Zelocity,Spain
ATRAENTA,Spain
Uptownie Lite,India
Pactorn,Spain
Mine4Nine,USA
Bunnywave,Japan
Maanja,Germany
bedgasm,Italy
Aptonia By Decathlon,China
BE AWARA,Denmark
Aura,Denmark
Ambraee,China
Kook N Keech Wonder Woman,Japan
FREESOUL,France
ZIZO By Namrata Bajaj,Japan
Skidlers,Germany
ANVI Be Yourself,India
Hancock,India
Fasense,India
SUITLTD,USA
LINDBERGH,France
Skechers,Italy
REME,Denmark
WHITE FIRE,Japan
MAFE,Italy
Wonder Woman,India
Athleto,Italy
Varkha Fashion,France
plusS,India
SIMON CARTER LONDON,Germany
XYXX,India
Souchii,Japan
KAMI KUBI,Italy
THREADCURRY,Canada
Star Wars by Wear Your Mind,Denmark
Bangalore Silk Emporium,Japan
GRASS by Gitika Goyal,Germany
DOOR74,India
Shahjada,Japan
Wills Lifestyle,Germany
SHOWOFF Plus,Germany
Oxemberg,Canada
Oumbre,USA
SECRETS BY ZEROKAATA,India
POPLINS,Japan
Rue Collection,Denmark
Kook N Keech Star Wars,India
PRAKASAM COTTON,Denmark
Anubhutee,India
KAVYA SAREES,Japan
Prag & Co,Denmark
one8 x PUMA,India
Castle,Japan
Ducati,Japan
METAL,Canada
MPL SPORTS,Japan
Be Indi,China
Porsorte,Italy
METTLE,USA
DEYANN PLUS,USA
mf,India
APSLEY,Denmark
JoE Hazel,Denmark
SayItLoud,Germany
Spera,China
rasm,Spain
Dexter by Kook N Keech,India
Steenbok,India
Katn India,China
YELLOW PARROT,Denmark
bummer,Denmark
INDDUS PLUS,China
Dupatta Bazaar,India
Double Two,Japan
Fashion Booms,USA
SHARAA ETHNICA,Denmark
The Roadster Lifestyle Co,Canada
aayusika,Canada
PERFKT-U,India
THE BEAR HOUSE,India
ADA,Germany
ArtiZenWeaves,France
BREIL BY FORT COLLINS,France
Fashion Basket,Japan
RED CHERI,France
ARMISTO,India
House of Dhaaga,USA
Get Glamr,India
Blackberrys,Denmark
DESI WOMANIYA,Denmark
Mode by Red Tape,China
PERFECT WEAR,Italy
Eavan,India
Dermawear,USA
Poshak Hub,India
Pratham Blue,Denmark
SHANGRILA,Canada
Boston Club,India
DAMENSCH,India
Mark Leute,Italy
kasee,Denmark
SLICKFIX,China
Dipsha,France
Resha,Denmark
Soch,USA
Ecentric,Canada
Gipsy,Japan
ethnix,Japan
BANARASI SILK WORKS,Germany
Riot Jeans,Canada
PHWOAR,India
Os,India
Not Just Pyjamas,Japan
FINE WEAR,Denmark
TOM BURG,India
9shines Label,Spain
Marvel Avengers,Canada
DYCA,Canada
s.Oliver,Denmark
Royal Rajgharana Saree,Spain
Pisara,Denmark
Huggun,USA
Minions by Kook N Keech,India
Private Lives,Italy
Aarrah,France
FC Barcelona,Germany
Kotty,India
HRX by Hrithik Roshan,India
Juliet,USA
Kook N Keech Batman,USA
Austin wood,India
RARE,India
Dreamz by Pantaloons,India
Blissta,Italy
shopbloom,Canada
Latin Quarters,France
M7 by Metronaut,India
Reich Color,Denmark
The Mini NEEDLE,Japan
UrGear,China
ZIYAA,India
taruni,China
Nun,Spain
THE DenmarkKIYO LIFE,USA
SARINA,Denmark
JUNAROSE,Denmark
Annabelle by Pantaloons,Italy
CINNAMON CLOSET,Denmark
FITINC,Japan
Miaz Lifestyle,Denmark
LYKKEIN,USA
Converse,USA
iki chic,Spain
Kiaahvi by JOHN PRIDE,Denmark
Silvertraq,Canada
Vogue Era,China
Abhishti,Canada
Taavi,India
VEGA,Germany
United Colors of Benetton,India
Qsymia,China
VASTRAMAY PLUS,Germany
Duchess,Italy
Prakrti,India
Lokatita,Germany
inocenCia,India
AURELIA,India
SHAVYA,India
Van Heusen ACADEMY,USA
SHIRT THEORY,Japan
bebe,China
Greenfibre,Denmark
Tiktauli De.Corps.,France
Bewakoof,India
BASIICS by La Intimo,Denmark
Chkokko,India
Global Desi,Italy
Momsoon Maternity,Denmark
COUPER & COLL,USA
Indibelle,India
PURVAJA,India
RAJGRANTH,USA
ZOLA,China
Cation,India
SALWAR STUDIO,India
Martini,Spain
SAADHVI,France
Wear Your Opinion,France
VAABA,Spain
SEVEN by MS Dhoni,Spain
HIGHLIGHT FASHION EXPORT,USA
TAG 7,India
Enviously Young,France
PinkLoom,Denmark
Undercolors of Benetton,Denmark
PIROH,France
SILVER STOCK,France
beebelle,China
wHAT'S DOwn,Japan
MANQ,India
East Ink,France
HOLDIT,China
BOLDFIT,Canada
VUDU,France
Vishudh,India
Aawari,Denmark
FILA,USA
ScoldMe,Germany
Encrypt,Canada
ZALORA ACTIVE,Spain
Firangi Yarn,Spain
Ziva Fashion,China
Kuons Avenue,Japan
ALCOTT,Canada
Pashtush,Italy
XIN,Japan
skyria,Spain
RANGOLI,Germany
ZOELLA,Japan
Xpose,Denmark
PrettySecrets,India
Shae by SASSAFRAS,India
Claura,India
MAXENCE,Spain
HANDME,China
CULT FICTION,Italy
Aprique FAB,Germany
Lady Love,USA
Baawara By Bhama,Italy
LOOKNBOOK ART,Italy
ADIDAS Originals,Denmark
Leather Retail,India
Bhama Couture,India
AND,India
GoStyle,USA
nexus,Japan
Soie,India
SELVAMAGAN,Canada
N2S NEXT2SKIN,France
IZOD,Denmark
Arrow New York,China
Blazer Quarter,China
Zigo,Denmark
Cosmo Lady,Denmark
BonOrganik,Japan
9rasa,Japan
TANKHI,Spain
HAVVA FASHION,Canada
An Episode,Germany
Shopping Queen,USA
SIAPA,Japan
Cartoon Network by Dressberry,Denmark
Donald Duck,USA
Dollar Missy,India
PARFAIT,China
SHRINKHLA,Denmark
Netram,Canada
Lady Lyka,India
Jaipur Morni,Italy
Shangrila Creation,Italy
Power,USA
KLOTTHE,Italy
JATRIQQ,Japan
Arrow Sport,Japan
URBAN SCOTTISH,India
Thara Sarees,Germany
FableStreet,India
Armaan Ethnic,Denmark
Louis Philippe Sport,India
Fame Forever by Lifestyle,China
FIFA U-17 WC,Denmark
Fusion Threads,Denmark
Saree mall,India
Femmora,Japan
Floret,India
MELOSO,Italy
PROTEENS,Spain
VERO MODA EASE,Spain
Jealous 21,Denmark
CUSHYBEE,Italy
VASTRANAND,India
FINNOY,Japan
Lotto,USA
ZALORA OCCASION,France
Mystere Paris,Canada
Indian Women,USA
FRENCH FLEXIOUS,Germany
Chicco,China
Rajnandini,India
Boohoo,Denmark
Indethnic,Japan
Kuber Studio,Japan
Somras,France
Wildcraft,Denmark
PEPPYZONE,Canada
Manyavar,India
Slazenger,Germany
Wyfees,Japan
Triveni,Denmark
EVAH LONDON,Canada
Fluffalump,Canada
Quechua By Decathlon,India
MUTAQINOTI,Denmark
D Kumar,USA
JAPS,Canada
The Vanca,India
MR BUTTON,Canada
BAMBOS,France
Royal Enfield,France
Blush by PrettySecrets,France
Almo Wear,Spain
River Of Design Jeans,India
DOLCE CRUDO,India
ELEGANCE,Germany
Kalamandir,France
Conditions Apply,Japan
YuDenmarki,India
American Crew,Denmark
VILLAIN,Germany
ADIDAS,India
Masculino Latino,France
sindrellastorie,Italy
Veni Vidi Vici,India
Sztori DC,Germany
Peppertree,France
ZUSH,Japan
curveZI by Ziyaa,Denmark
Pashmoda,Japan
Dennis Morton,China
Cantabil,Japan
GAS,China
Harpa,India
HELLO DESIGN,Spain
Bralux,Denmark
Rigo,India
39 THREADS,Italy
MAGRE,India
INVICTUS,India
Vrundavan ethics,China
Metronaut,Germany
Slumber Jill,India
Espresso,India
Tommy Hilfiger,Spain
Ojas Designs,USA
Johnny Bravo by Kook N Keech,India
LUX MAESTRO,Japan
panchhi,Italy
DILLINGER,India
Southbay,Japan
SHERRY,China
Ethnix by Raymond,Japan
CDenmarkOO,India
MomToBe,India
EDRIO,Denmark
Wabii,Spain
Pure Play,Denmark
Manthan,Germany
Texco,Denmark
Off Label,Japan
Rain & Rainbow,India
Candyskin,France
NOT YET by us,Japan
FURO by Red Chief,China
AD & AV,China
shiloh,USA
Vero Moda,India
Belle Fille,India
Label Ritu Kumar,Italy
PETER ENGLAND UNIVERSITY,China
Nautica,China
STUDIOACTIV,USA
SHEETAL Associates,Denmark
Being Human,Japan
OLAIAN By Decathlon,Denmark
awesome,Japan
Iti,Japan
MOMIN LIBAS,USA
Owncraft,Denmark
DAiSY,Italy
HARSAM,Spain
ANMI,Denmark
MeeMee,China
THE NKS PLUS,Spain
Nirkhi,USA
PATRORNA,France
ROVING MODE,India
IMPACKT,Germany
Mast & Harbour,India
Puma,India
American Bull,Spain
The Indian Garage Co,India
Proline Active,India
JACKDANZA,Denmark
justpeachy,Canada
Coucou,Denmark
Rex Straut Jeans,France
JUNEBERRY,India
AGIL ARMERO,Germany
Aarsha,Japan
SANSKRUTIHOMES,Italy
Lovely Lady,Denmark
Lenissa,China
Mumbai Indians,Italy
Fruit of the loom,Denmark
BUY NEW TREND,Denmark
Shree,China
Vandnam Fabrics,Italy
Zima Leto,India
mod & shy,India
House of JAMMIES,USA
Cayman,Japan
ABELINO,India
PAROKSH,Germany
Disney by DressBerry,India
U&F,India
FAWOMENT,Japan
DREAMSS BY SHILPA SHETTY,Japan
LOCOMOTIVE,India
ZOEYAMS,Canada
NIZA,France
Fbella,Spain
SQew,India
MADHURAM,France
VStar,China
OBOW,Canada
Laceandme,India
HK colours of fashion,Germany
Janasya,India
Marks & Spencer,India
Amante,India
SOJANYA,India
MOHEY,Italy
Purple Feather,India
La Senza,France
SORATIA,Germany
Man Matters,Canada
Ira Soleil,India
SDL by Sweet Dreams,Italy
Canterbury,Germany
Sports52 wear,France
Old Grey,France
FFLIRTYGO,Japan
klauressa,France
PMD Fashion,Italy
DECKEDUP,Germany
CIERGE,France
Paralians,Japan
SUTI,Italy
Rute,India
Arrow Woman,France
abof,Denmark
RedRound,Italy
MAKCLAN,Germany
KUPINDA,Spain
Aditi Wasan,USA
hummel,Japan
Nike,India
NABIA,Japan
EVERDION,USA
WEDZE By Decathlon,India
Adwitiya Collection,Spain
Sztori Minions,France
Candour London,Canada
Theater,Denmark
Bavaria,Japan
Luxure by Louis Philippe,Germany
CATCHY,Denmark
ASICS,China
Raa Jeans,China
Enamor,India
SABOO COLLECTIONS,China
Flambeur,China
English Navy,India
Solemio,Japan
Pandadi Saree,Germany
DODO & MOA,Japan
BRAG,China
BoStreet,Denmark
ELEVEN.O.ONE,France
Rudra Fashion,Spain
Tissu,India
Zastraa,India
BRINNS,China
Dollar Ultra,India
QUANCIOUS,Japan
Celio,USA
KRAFT INDIA,Canada
GullyActive,France
Thomas Scott,Italy
DRESSTIVE,Italy
NOCHEE VIDA,Italy
SuperBottoms,USA
PEONY SMART WORLD,China
Fibre World,Canada
Naari,Denmark
DC by Kook N Keech,Denmark
KASSUALLY,India
Sasimo,France
POONAM DESIGNER,Denmark
KICA,Denmark
WOOFFLY,China
Manu,Japan
RANGMANCH PLUS by Pantaloons,Japan
SHINGORA,USA
the kaatn trail,Spain
Hangup,India
AASK,Denmark
MEERA FAB,Germany
KEEP CART,Japan
even,USA
PARIKA CREATION,Germany
Soul Space,USA
SCORPIUS,India
Color Cocktail,India
Globon Impex,Japan
IX IMPRESSION,Italy
Indi INSIDE,Japan
MUFFLY,Italy
Zalza,China
PRENEA,Spain
DEGE,Japan
Being Fab,USA
IMT,Spain
Sonari,France
Anysa,Japan
Swiss Club,Germany
Wuxi,Japan
ESME,Denmark
Urbano Fashion,India
DOROTHY PERKINS,France
Huetrap,India
Rubans,USA
IDK,USA
Jaipur Kurti,India
AGIL ATHLETICA,France
CAVALLO by Linen Club,Spain
Raymond,Germany
Yufta,India
Chokhi Bandhani,Denmark
Silk Bazar,India
Indo Era,India
Yogue Activewear,Denmark
KIPRUN By Decathlon,India
American Eye,Denmark
Tiara,Japan
Azira,India
RHHENSO,Spain
Wodreams,Denmark
GANT,Canada
neckbook,Canada
Rivana,USA
YAK YAK,Canada
Heelium,USA
Truerevo,Italy
Aventura Outfitters,USA
PARIS HAMILTON,India
GRITSTONES,India
Gallus,China
SKULT by Shahid Kapoor,Italy
LY2,USA
max,India
Franco Leone,Italy
Khoday Williams,Canada
Castle Lifestyle,Japan
The Souled Store,Denmark
Label Tamanna Rungta,Italy
Aarika,Spain
DESI BEATS,Spain
RAISIN,India
KOMLI,Italy
UNITED LIBERTY,Denmark
Kurti's by Menka,Canada
Biswa Bangla,USA
Shaily,India
MAG,India
Palakh,France
Copperline,USA
Fitkin,USA
VEDANA,Japan
BODYX,Spain
2GO,Japan
BuckleUp,Italy
Rattrap,USA
Indian Terrain,Spain
Callino London,USA
ASPORA,Germany
Mesmerize,Japan
KAJREE,Japan
laavian,Germany
ANAN,Germany
Pistaa,Spain
SVARCHI,Spain
Ethnic basket,India
RUDRAKSH,Canada
EthnoVogue,India
DS WORLD,Spain
Roadster Fast and Furious,India
Tweens,Denmark
SHRESTHA BY VASTRAMAY,Denmark
Arsenal FC,China
KULTPRIT,Germany
KOI SLEEPWEAR,France
BARARA ETHNIC,USA
AUSTIEX,Denmark
CREEZ,Japan
ColorPlus,Denmark
PRETTYBOLD,India
Susie,Japan
kriatma,China
ARISE,India
WISSTLER,India
SIAH,Japan
Planetinner,Italy
MILLENNIAL MEN,Japan
Swtantra,USA
Awadhi,Denmark
Anoma,Denmark
Club York,India
UCLA,France
Neerus,Japan
SPYKAR,Italy
SEW YOU SOON,Denmark
Pankvi,USA
Meena Bazaar,Japan
Zivame,India
Sanganeri Kurti,Spain
GUESS,USA
Tinted,India
Pierre Carlo,Canada
GRACE & JACK,Japan
FABRIC FITOOR,India
Park Avenue Woman,Denmark
Klamotten,India
Ruhaans,India
Bene Kleed,India
Curare,Denmark
Geonaute By Decathlon,Italy
Powerpuff Girls by Dressberry,Japan
Readiprint Fashions,Japan
LAVOS,Germany
Bareblow,Japan
Kook N Keech Looney Tunes,Japan
College Girl,Denmark
SAHORA,France
SPORTO,China
Sztori Disney,Denmark
HILL STREET,USA
SAPPER,China
JerfSports,France
GULMOHAR JAIPUR,India
PEPLOS,France
SBR BABA KURTI,Japan
JAVTA,France
BODYCARE INSIDER,Denmark
Pepe,France
urban undress,Japan
Anaario,France
Sugathari,Spain
MANQ Plus,Spain
Butt-Chique,Italy
VINENZIA,Japan
U.S. Polo Assn. Women,France
thickskin,China
VAN HEUSEN DENIM LABS,Japan
Creeva,France
Roadster,India
Besiva,India
Saraf RS Jewellery,Spain
ANWAIND,France
Next Look,Germany
Kushal's Fashion Jewellery,Denmark
MABISH by Sonal Jain,India
zebu,India
7Threads,China
Cottonworld,Denmark
SPACES,Denmark
Magnetic Designs,Spain
indus route by Pantaloons,Germany
IMYOUNG,Japan
Street Armor by Pantaloons,Canada
Wrangler,USA
AD By Arvind,Spain
Fab Dadu,Canada
SmileyWorld,Italy
GIORDANO,Canada
bigbanana,India
OUTSHOCK By Decathlon,Germany
Coucou by Zivame,Canada
SATYAM WEAVES,Italy
CANOE,Denmark
F.R.I.E.N.D.S By Sztori,Canada
Om Shantam Sarees,Germany
THREAD MUSTER,India
FASHION DWAR,China
Cloth Haus India,Denmark
ACTIMAXX,Germany
ZNX Clothing,France
SOJANYA PLUS,Denmark
FurryFlair,Denmark
MAASHIE,France
ManQ CASUAL,India
Missguided,Japan
Online Fayda,Japan
FabSeasons,Spain
Ramas,Spain
Supersox,India
Monk & Mei,Denmark
Dollar,India
Mameraa,Germany
ROMEO ROSSI,India
FABISTA,USA
ORIGIN BY ZALORA,France
Ahalyaa,India
YOONOY,Japan
COBB,India
Amrutam Fab,India
VIMAL,India
cape canary,USA
MINGLAY,Japan
Mizuno,Spain
BLANC9,USA
Silvermerc Designs,China
Kaifoo,Germany
BEYOUND SIZE - THE DRY STATE,China
Ashnaina,USA
t-base,Italy
Vemante,India
Lavanya The Label,France
Sudarshan Silks,Spain
SERONA FABRICS,France
Kenneth Cole,Germany
Scotch & Soda,Japan
Champion,Italy
Shaftesbury London,India
Kanvin,India
9teenAGAIN,Spain
CRUSSET,France
Marvel by Wear Your Mind,Spain
Bani Women,USA
Ms.Lingies,Denmark
LABEL AARNA,Japan
NITVAN,USA
Looney Tunes By Sztori,Canada
Apratim,Denmark
ZALORA BASICS,Italy
Li-Ning,Denmark
Softline Butterfly,Japan
JC Mode,Canada
Fabnest Curve,USA
Ennoble,Japan
PrettyCat,India
RUNWAYIN,USA
ONLY & SONS,Italy
Spirit,Denmark
Texlon,Italy
Mirraw,Japan
GESPO,China
Purple State,India
TRISHLA INDIA,Italy
Cloak & Decker,Canada
GERUA,India
Classic Polo,Japan
POORAK,Denmark
Bewakoof Plus,Canada
THE BONTE,Germany
WYRE,Italy
Silk Land,Canada
Silai Bunai,China
TALES & STORIES,Canada
VAABASTA,Japan
Bruchi CLUB,France
VENITIAN,Germany
JUNE & HARRY,Italy
MISRI,Japan
VividArtsy,India
PK Fashions,Japan
PS PRET BY PAYAL SINGHAL,USA
Invincible,China
Jansons,Denmark
Ayaany,USA
MANGO MAN,Canada
SG,France
Berrys Intimatess,Denmark
Head,Japan
Ansar Creation,Canada
MS RETAIL,USA
BEATITUDE,China
SEEQ,Canada
VARUSHKA,Italy
SG RAJASAHAB,Canada
Joven,India
Aryavart,France
Herryqeal,China
Love More,China
KARATCART,Canada
Excalibur,Spain
RG DESIGNERS,Japan
Revolution,India
Ritu Kumar,France
Sakhi Jaipur,Germany
Linen Club,Japan
Desi Weavess,Denmark
RARE ROOTS,India
shashvi,Denmark
Sztori Batman,France
Active Soul,Italy
GILLORI,Japan
Woods,Spain
Ishin,India
Pretty Awesome,India
W,India
Nick&Jess,Canada
Modi Kurta,Italy
LE BOURGEOIS,China
PUMA Motorsport,India
Insua,Spain
Leeza Store,Denmark
urSense,Japan
Divena,India
Raano,Spain
ROZVEH,Spain
PAPA BRANDS,USA
mode de base,Japan
SHUBHVASTRA,China
Kook N Keech Disney,India
SockSoho,Japan
Alaya By Stage3,China
TAG 7 PLUS,USA
RAASSIO,Spain
TRISHAA BY PANTALOONS,Japan
RAD.MAD.BAD,Canada
ether,India
MASCLN SASSAFRAS,Japan
KAJARU,Denmark
NUSH,Denmark
KHUMAAR Shuchi Bhutani,USA
YCANF,Denmark
RangDeep,Germany
PIRKO,Denmark
KETCH,Italy
Carlton London,India
PINKVILLE JAIPUR,Japan
OHA BOY,Denmark
WTFUNK,Canada
LADUSAA,Japan
FREECULTR,Denmark
The Kurta Express,Italy
KISAH,India
Prakhya,India
OPt,Spain
IMPERATIVE,Canada
Newport,Spain
Snarky Gal,France
PERFLY By Decathlon,Denmark
SHUBHKALA,India
trueBrowns,Canada
Vartah,Denmark
URBANIC,China
Karmic Vision,India
Minions by Dressberry,India
ELLE,France
MODI JACKET,Japan
LUXURAZI,Canada
INDIAN WOOTZ,Germany
COTTON ON,Canada
Stylum,India
DUGRI BE THE ONE,Spain
Blush 9 Maternity,India
Laado - Pamper Yourself,Italy
Calvin Klein Underwear,India
Taneira,USA
Seven Rocks,Denmark
Scarves & Glitters,France
NEU LOOK FASHION,India
Saart Bunaai,Japan
Aaruvi Ruchi Verma,Canada
Blinkin,Italy
Mr. Button,Canada
FITLEASURE,China
Turtle,Denmark
FRESH FEET,Canada
COVER STORY,China
Genius18,India
CHOWDHRAIN,Japan
Bannos Swagger,China
IndusDiva Loomnic,Italy
Pootlu,USA
AARA,Germany
Clora Creation,India
Rosso Milano,Denmark
Ojjasvi,India
CharDenmarkriti,Spain
ArtEastri,Italy
Newfeel By Decathlon,Japan
kipek,India
Colors,USA
Ginger by Lifestyle,India
Provogue,Canada
Artengo By Decathlon,India
Maniac,India
WROGN ACTIVE,India
INDIAN EPIC,Japan
WEAVERS VILLA,Denmark
ahhaaaa,China
DIXCY SCOTT MAXIMUS,India
KAAJH,Denmark
WEST VOGUE by Zivame,Japan
FirstKrush,Japan
Lee Cooper,USA
C9 AIRWEAR,India
Nimayaa,USA
Saree Swarg,Germany
mokshi,India
HARBORNBAY,USA
QUARANTINE,Spain
SELECTED,Italy
Uri and MacKenzie,China
blue hour,France
Ratan Creation,Spain
HAPSELL,Denmark
MAIYEE,Spain
Kazo,USA
KARAGIRI,Canada
Denizen From Levis,USA
Curvy Love,USA
98 Degree North,India
AnoDenmark,India
anokherang,Japan
PAUSE SPORT,India
Jashvi Creation,USA
Altiven,France
Fully Filmy,Denmark
Simond By Decathlon,France
Binnis Wardrobe,France
PANIT,India
MARZENI,Spain
SHVAAS by VASTRAMAY,Spain
House of Pataudi,India
Allen Solly Sport,India
JSItaliya,Italy
BROOWL,Japan
See Designs,India
FEVER,Germany
HOUSE OF KKARMA,India
Alsace Lorraine Paris,Denmark
KRA,USA
AADVIKA,Canada
Van Heusen Woman,India
INDE by MISH,Spain
SURHI,Denmark
Melange by Lifestyle,India
Canary London,Germany
MIRCHI FASHION,Denmark
EL REGALO,Italy
ewoke,Spain
La Mode,France
SWHF,Spain
Mr Bowerbird,India
PUMA Hoops,Japan
Ms.Taken,Japan
Fabclub,France
amzira,France
Lavika Couture,China
Bossini,Italy
U.S. Polo Assn. Denim Co.,India
Yuris,India
RGHT,Japan
Fusion Beats,Denmark
SWISS MILITARY,Japan
AKKRITI BY PANTALOONS,Japan
Reveira,Canada
Jansi,USA
Jade Garden,Japan
WineRed,India
Forever Glam by Pantaloons,USA
Numero Uno,France
GRECIILOOKS,Spain
next,Canada
Vaak,USA
Arrow,India
VERO AMORE,Japan
Femme Luxe,Germany
FIROZA,Italy
MAAND,Germany
Get Wrapped,Denmark
MotoGP,Italy
INDYES,Denmark
JISORA,Japan
effy,Japan
V SALES,Japan
Bitterlime,India
Harry Potter By Sztori,Japan
EVERBLUE,France
Swasti,Italy
Wicked Stitch,USA
Dazzle,France
Kalt,India
UnaOne,Japan
Molly & Michel,Italy
DIXCY SCOTT,India
MYAZA,China
Varanga,India
SIDEWOK,Japan
Chitwan Mohan,China
NeshamaKurti,France
Metersbonwe,USA
Fleurt,USA
Aasiya,India
TABARD,Germany
RANGMANCH BY PANTALOONS,India
Louis Philippe Jeans,India
MISH,India
ANAISA,India
YOVISH,Denmark
Hastakala,Japan
Miss Chase,India
Swee Shapewear,Japan
iO,USA
Chennis,Japan
itse,Canada
FLAVIDO,Japan
Juelle,China
NIXX,Italy
Colour Me by Melange,USA
Richlook,Canada
Kannan,Italy
MKH,Denmark
UnderJeans by Spykar,France
One8,India
WILD WEST,India
Zelen,France
LOUIS STITCH,China
Home Centre,Italy
Free Authority,Italy
Blacksmith,France
aamna,India
Idalia,India
FORCLAZ By Decathlon,India
her by invictus,India
HRX,Canada
Vasudha,Japan
WATKO By Decathlon,Denmark
Masaba,Denmark
DDenmarke,Japan
FINSBURY LONDON,Japan
Camey,Denmark
Maaesa,India
IndusDiva Infusions,China
Myshka,India
Rodzen,Spain
KHADIO,Italy
Forca,Denmark
1 Stop Fashion,Germany
Selvia,USA
Parx,France
MAYSIXTY,Germany
DesiNoor.com,Japan
MsFQ,India
Ourdve,Canada
IVOC Plus,Spain
Disney by Wear Your Mind,Japan
FLAMBOYANT,China
Globus,Italy
KATSO,Japan
AVANT-GARDE PARIS,Spain
Peora,Canada
Popnetic,India
OFFIRA TEX WORLD,Japan
QUIERO,India
Little Musketeer,Denmark
Allen Solly Tribe,Germany
SPARROWHAWK,Japan
Pyjama Party,Italy
Warthy Ent,France
FCDenmark Underwear,Japan
IC4,India
DEVOILER,Japan
Saaki,France
NBA,Denmark
aasi,India
TATTVA,USA
Juniper Plus,Germany
Women Republic,Denmark
Alan Jones,Denmark
clorals,Japan
Superdry,China
Hush Puppies,Denmark
HIGHLANDER,India
AkaAyu,Canada
DECHEN,Denmark
Varkala Silk Sarees,India
Softskin,China
FASHOR,India
Lebami,India
Modriba,Denmark
GoSriKi,India
Happy Socks,Germany
Grancy,France
Marigold by FableStreet,China
Kiana,Canada
appulse,Canada
Sajke,Italy
ORTANGE,Italy
MARC,Canada
Efulgenz,France
SUTRAM,Spain
Anug by SOJANYA,Japan
July Nightwear,Denmark
Kook N Keech Emoji,Germany
KBZ,Denmark
